"Feature name","Used in cyweb","Fully supported in cyjs v4","Comments/details","Category","Cyjs v3 API / properties","Works unchanged in v4","Cyweb evidence (repo-relative)","Cyjs v4 evidence (repo-relative)","Verification"
"Grid layout","Yes","Yes","Built-in grid supports cyweb boundingBox 1000x1000, padding 30 and condense toggle. Shared completion listener still needs migration.","Layout","grid; boundingBox; padding; condense","No: shared layout adapter","src/models/LayoutModel/impl/Cyjs/Algorithms/grid.ts","src/layout/grid.mts","Source review + headless probe (see README)"
"Circle layout","Yes","Yes","Built-in circle supports radius 1000 and spacingFactor 1. Recheck positions and overlap spacing after porting the common adapter.","Layout","circle; radius; spacingFactor","No: shared layout adapter","src/models/LayoutModel/impl/Cyjs/Algorithms/circle.ts","src/layout/circle.mts","Source review + headless probe (see README)"
"Concentric layout","Yes","No (partial)","Built-in exists and spacingFactor works, but v4 changes overlap/ring packing. Cyweb passes width/height 1000; both installed v3 and v4 declare but do not read those fields. Use boundingBox if a fixed area is intended. This option issue predates v4.","Layout","concentric; width; height; spacingFactor","No","src/models/LayoutModel/impl/Cyjs/Algorithms/concentric.ts","src/layout/concentric.mts","Source review + headless probe (see README)"
"CoSE layout","Yes","No","Not ported. Current name cose throws. v4 force is a different algorithm, not full CoSE compatibility.","Layout","cose","No","src/models/LayoutModel/impl/Cyjs/Algorithms/cose.ts","MIGRATING.md; src/core.mts","Source review + headless probe (see README)"
"CoSE tuning controls","Yes","No","Cyweb exposes nodeDimensionsIncludeLabels, numIter, gravity, initialTemp, coolingFactor and minTemp; also sets nodeOverlap and boundingBox. Do not forward these wholesale to force. Redesign and validate the controls against force options.","Layout","CoSE parameters","No","src/models/LayoutModel/impl/Cyjs/Algorithms/cose.ts","src/layout/force.mts; src/public-types.mts","Source review"
"Biological Flow layout","Yes","No","cytoscape-biological-flow is registered as biological-flow (UI/model key bionodes). v4 has no use() registry or this built-in. Port to LayoutContext or evaluate flow; equivalent output is unverified.","Layout","cytoscape.use(biologicalFlow); biological-flow","No","src/models/LayoutModel/impl/Cyjs/cyjsLayout.ts; src/models/LayoutModel/impl/Cyjs/Algorithms/biologicalFlow.ts","src/layout/contract.mts; src/layout/flow.mts","Source review + headless probe (see README)"
"Layout completion events","Yes","No","cyweb calls cyLayout.on(layoutstop) before run(). v4 layout instances are not emitters. Attach a one-shot core listener before run, or use the appropriate completion API. This blocks every cyjs layout even when its algorithm exists.","Layout","layout.on; layout.run; layoutstop","No","src/models/LayoutModel/impl/Cyjs/cyjsLayout.ts","src/core.mts; src/layout/grid.mts","Source review + headless probe (see README)"
"Headless layout execution","Yes","Yes","Temporary headless core, node/edge definitions, position collection and destroy are supported. No WebGPU needed for this path.","Layout","headless; nodes; position; destroy","No: registration and listener changes","src/models/LayoutModel/impl/Cyjs/cyjsLayout.ts","src/core.mts; src/layout/contract.mts","Source review"
"Selected-subgraph layout","No direct usage found","N/A","Current Layout menu and layout API pass the target network nodes/edges, not selected-only collections. The engine can accept arrays but that alone is not evidence of a selected-subgraph UI feature.","Layout","eles.layout; selected-only layout","N/A","src/features/ToolBar/LayoutMenu/index.tsx; src/app-api/core/layoutApi.ts","src/collection.mts","Source review"
"Default layout routing","Yes (cyweb-owned)","Yes","Below 1000 total elements cyweb chooses G6 gForce, or G6 dagre for hierarchies. At/above 1000 it chooses cyjs grid, subject to the configured maximum. Migrating CoSE alone would not migrate the default layout path.","Layout","getDefaultLayout","No: cyjs grid adapter","src/models/LayoutModel/impl/layoutSelection.ts","src/layout/grid.mts","Source review"
"Layout scaling tools","Yes (cyweb-owned)","Yes","Scaling modifies cyweb view-model positions; cyjs displays those coordinates. This is not a cyjs layout extension.","Layout","position updates","Yes","src/features/LayoutTools/scalingUtil.ts; src/features/LayoutTools/Scaling.tsx","src/collection.mts","Source review"
"Cosmos layout","Yes (external)","N/A","Cyweb uses its Cosmos engine, not the cyjs CoSE implementation. Preserve this engine and adapt only renderer position writes if necessary.","Layout","Cosmos","N/A","src/models/LayoutModel/impl/Cosmos/cosmosLayout.ts","N/A","Source review"
"G6 layouts","Yes (external)","N/A","Dagre, radial and gForce are provided by AntV/G6. v4 flow/radial are optional alternatives, not prerequisites or proven replacements.","Layout","dagre; radial; gForce","N/A","src/models/LayoutModel/impl/G6/Algorithms/g6Algorithms.ts; src/models/LayoutModel/impl/G6/g6Layout.ts","N/A","Source review"
"Circle packing layout","Yes (external)","N/A","D3 computes and renders the packing. Cyjs supplies roots/outgoers for the hierarchy data builder; those traversals are separately inventoried.","Layout","d3.pack; d3.stratify","N/A","src/features/HierarchyViewer/components/CirclePackingLayout/CirclePackingLayout.ts","N/A","Source review"
"Preset / saved positions","Yes (positions only)","Yes","Cyweb inserts saved x/y in element definitions and later writes positions. It does not explicitly run the cyjs preset layout in the main renderer. v4 accepts positions and also has preset.","Layout","element.position; position()","Yes","src/features/NetworkPanel/CyjsRenderer/cyjsFactoryUtil.ts; src/features/NetworkPanel/CyjsRenderer/CyjsRenderer.tsx","src/element-defs.mts; src/layout/preset.mts","Source review"
"Other cyjs built-in layouts","No direct usage found","N/A","No production calls found for cyjs breadthfirst or random, nor a registered fCoSE/Cola/ELK extension. Do not treat these as cyweb migration requirements.","Layout","breadthfirst; random; fcose; cola; elk","N/A","src/models/LayoutModel/impl/Cyjs/Algorithms/cyjsAlgorithms.ts; package.json","src/core.mts","Source review"
"Selector-block stylesheet","Yes","No","createCyjsDataMapper returns an ordered array of selector/style blocks; v4 rejects it. Build nodes/edges/parents/core groups with declarative state/data mappings.","Style architecture","cy.style([{selector,style}])","No","src/features/NetworkPanel/CyjsRenderer/cyjsRenderUtil.ts","src/style.mts; MIGRATING.md","Source review + headless probe (see README)"
"Direct data mappings","Yes","No","Cyweb materializes visual values in element data then emits data(key) strings. Replace numeric/colour/enum strings with {data:key}. Label strings retain compatibility. Font strings can silently become literal font names.","Style architecture","data(key)","No","src/features/NetworkPanel/CyjsRenderer/cyjsRenderUtil.ts","src/style.mts; src/style-scales.mts","Source review + headless probe (see README)"
"Continuous/discrete/passthrough mapping","Yes (cyweb-owned)","Yes","Vizmapper evaluates these in cyweb before applyViewModel writes values to cyjs. Keeping that evaluation avoids changing cyweb interpolation semantics. Only the final cyjs data-mapper bridge must change; adopting v4 scales is optional.","Style architecture","computed view.values -> ele.data","No: shared stylesheet bridge","src/models/VisualStyleModel/impl/computeViewUtil.ts; src/features/NetworkPanel/CyjsRenderer/cyjsRenderUtil.ts","src/style-scales.mts","Source review"
"Named styles and style library","Yes (cyweb-owned)","Yes","Style sets, switching, persistence and undo are implemented in cyweb. v4 can replace the active sheet, but its sheet swap discards live bypasses unless included again.","Style architecture","cy.style(newStyle)","No: stylesheet and bypass handling","docs/specifications/MULTIPLE_VISUAL_STYLES.md; src/features/NetworkPanel/CyjsRenderer/CyjsRenderer.tsx","src/style.mts; MIGRATING.md","Source review"
"Element data updates","Yes","Yes","data(key,value), removeData and automatic mapped-style updates remain available. The view data are computed by cyweb; network attributes live in separate tables.","Style architecture","data; removeData","Yes","src/features/NetworkPanel/CyjsRenderer/cyjsRenderUtil.ts","src/collection.mts; src/style.mts","Source review"
"Hover classes","Yes","No","hover and edge-creation-target classes drive highlights. v4 removes addClass/removeClass and class selectors. Use element data flags and case mappers.","Style architecture","addClass; removeClass; .hover; .edge-creation-target","No","src/features/NetworkPanel/CyjsRenderer/CyjsRenderer.tsx; src/features/NetworkPanel/CyjsRenderer/cyjsRenderUtil.ts","MIGRATING.md","Source review + headless probe (see README)"
"Highlight legacy shape","Yes","No","Both class highlights use underlay-shape roundrectangle. v4 rejects it; spell round-rectangle even after replacing classes.","Style architecture","underlay-shape: roundrectangle","No","src/features/NetworkPanel/CyjsRenderer/cyjsRenderUtil.ts","src/style.mts","Source review + headless probe (see README)"
"Highlight underlay paint","Yes","Yes","Underlay colour, padding, opacity and canonical round-rectangle are available. Rebuild the activation condition using data or hover state.","Style","underlay-color; underlay-padding; underlay-opacity; underlay-shape","No: classes and shape spelling","src/features/NetworkPanel/CyjsRenderer/cyjsRenderUtil.ts","src/style.mts","Source review"
"nodeShape","Yes","Yes","Cyweb offers rectangle, diamond, ellipse, hexagon, octagon, parallelogram, round-rectangle, triangle and vee. It translates parallelogram to rhomboid. All resulting canonical v4 shapes exist.","Style property","shape","No: shared stylesheet bridge","src/models/VisualStyleModel/impl/cyJsVisualPropertyConverter.ts; src/features/NetworkPanel/CyjsRenderer/cyjsRenderUtil.ts","src/style.mts; MIGRATING.md","Source review"
"nodeHeight","Yes","Yes","nodeHeight maps to height. Property capability exists in v4; use the new stylesheet/data-mapper bridge.","Style property","height","No: shared stylesheet bridge","src/models/VisualStyleModel/impl/cyJsVisualPropertyConverter.ts; src/features/NetworkPanel/CyjsRenderer/cyjsRenderUtil.ts","src/style.mts; MIGRATING.md","Source review"
"nodeWidth","Yes","Yes","nodeWidth maps to width. Property capability exists in v4; use the new stylesheet/data-mapper bridge.","Style property","width","No: shared stylesheet bridge","src/models/VisualStyleModel/impl/cyJsVisualPropertyConverter.ts; src/features/NetworkPanel/CyjsRenderer/cyjsRenderUtil.ts","src/style.mts; MIGRATING.md","Source review"
"nodeBackgroundColor","Yes","Yes","nodeBackgroundColor maps to background-color. Property capability exists in v4; use the new stylesheet/data-mapper bridge.","Style property","background-color","No: shared stylesheet bridge","src/models/VisualStyleModel/impl/cyJsVisualPropertyConverter.ts; src/features/NetworkPanel/CyjsRenderer/cyjsRenderUtil.ts","src/style.mts; MIGRATING.md","Source review"
"nodeOpacity","Yes","Yes","nodeOpacity maps to background-opacity. v4 folds channel opacity into colour alpha at write time; visual channel is supported, but readback and update order need checking.","Style property","background-opacity","No: shared stylesheet bridge","src/models/VisualStyleModel/impl/cyJsVisualPropertyConverter.ts; src/features/NetworkPanel/CyjsRenderer/cyjsRenderUtil.ts","src/style.mts; MIGRATING.md","Source review"
"nodeBorderColor","Yes","Yes","nodeBorderColor maps to border-color. Property capability exists in v4; use the new stylesheet/data-mapper bridge.","Style property","border-color","No: shared stylesheet bridge","src/models/VisualStyleModel/impl/cyJsVisualPropertyConverter.ts; src/features/NetworkPanel/CyjsRenderer/cyjsRenderUtil.ts","src/style.mts; MIGRATING.md","Source review"
"nodeBorderLineType","Yes","No (partial)","solid/dotted/dashed/double are rendered. Double-border gap compositing differs: v4 can show a crossing edge beneath the gap, where v3 erases to the background. Exact visual parity is not complete.","Style property","border-style","No: shared stylesheet bridge","src/models/VisualStyleModel/impl/cyJsVisualPropertyConverter.ts; src/features/NetworkPanel/CyjsRenderer/cyjsRenderUtil.ts","src/style.mts; MIGRATING.md","Source review"
"nodeBorderWidth","Yes","Yes","nodeBorderWidth maps to border-width. Property capability exists in v4; use the new stylesheet/data-mapper bridge.","Style property","border-width","No: shared stylesheet bridge","src/models/VisualStyleModel/impl/cyJsVisualPropertyConverter.ts; src/features/NetworkPanel/CyjsRenderer/cyjsRenderUtil.ts","src/style.mts; MIGRATING.md","Source review"
"nodeBorderOpacity","Yes","Yes","nodeBorderOpacity maps to border-opacity. v4 folds channel opacity into colour alpha at write time; visual channel is supported, but readback and update order need checking.","Style property","border-opacity","No: shared stylesheet bridge","src/models/VisualStyleModel/impl/cyJsVisualPropertyConverter.ts; src/features/NetworkPanel/CyjsRenderer/cyjsRenderUtil.ts","src/style.mts; MIGRATING.md","Source review"
"nodeLabel","Yes","Yes","nodeLabel maps to label. Property capability exists in v4; use the new stylesheet/data-mapper bridge.","Style property","label","No: shared stylesheet bridge","src/models/VisualStyleModel/impl/cyJsVisualPropertyConverter.ts; src/features/NetworkPanel/CyjsRenderer/cyjsRenderUtil.ts","src/style.mts; MIGRATING.md","Source review"
"nodeLabelColor","Yes","Yes","nodeLabelColor maps to color. Property capability exists in v4; use the new stylesheet/data-mapper bridge.","Style property","color","No: shared stylesheet bridge","src/models/VisualStyleModel/impl/cyJsVisualPropertyConverter.ts; src/features/NetworkPanel/CyjsRenderer/cyjsRenderUtil.ts","src/style.mts; MIGRATING.md","Source review"
"nodeLabelFontSize","Yes","Yes","nodeLabelFontSize maps to font-size. Property capability exists in v4; use the new stylesheet/data-mapper bridge.","Style property","font-size","No: shared stylesheet bridge","src/models/VisualStyleModel/impl/cyJsVisualPropertyConverter.ts; src/features/NetworkPanel/CyjsRenderer/cyjsRenderUtil.ts","src/style.mts; MIGRATING.md","Source review"
"nodeLabelFont","Yes","No (partial)","Cyweb maps font-family per node/edge. v4 permits one global constant font face per instance; mapped fonts are rejected. Preserve mixed per-element fonts only with a separate rendering solution.","Style property","font-family","No: shared stylesheet bridge","src/models/VisualStyleModel/impl/cyJsVisualPropertyConverter.ts; src/features/NetworkPanel/CyjsRenderer/cyjsRenderUtil.ts","src/style.mts; MIGRATING.md","Source review + headless probe (see README)"
"nodeLabelPosition","Yes","Yes","Special converter produces text-halign, text-valign, text-margin-x/y and text-justification. All are supported. Preserve cyweb anchor/offset translation; defaults differ if omitted.","Style property","text-halign; text-valign; text-margin-x; text-margin-y; text-justification","No: shared stylesheet bridge","src/models/VisualStyleModel/impl/cyJsVisualPropertyConverter.ts; src/features/NetworkPanel/CyjsRenderer/cyjsRenderUtil.ts","src/style.mts; MIGRATING.md","Source review"
"nodeLabelRotation","Yes","Yes","Cyweb converts degrees to radians and supports autorotation. v4 supports numeric text-rotation and autorotate. Preserve that unit conversion.","Style property","text-rotation","No: shared stylesheet bridge","src/models/VisualStyleModel/impl/cyJsVisualPropertyConverter.ts; src/features/NetworkPanel/CyjsRenderer/cyjsRenderUtil.ts","src/style.mts; MIGRATING.md","Source review"
"nodeLabelOpacity","Yes","Yes","nodeLabelOpacity maps to text-opacity. v4 folds channel opacity into colour alpha at write time; visual channel is supported, but readback and update order need checking.","Style property","text-opacity","No: shared stylesheet bridge","src/models/VisualStyleModel/impl/cyJsVisualPropertyConverter.ts; src/features/NetworkPanel/CyjsRenderer/cyjsRenderUtil.ts","src/style.mts; MIGRATING.md","Source review"
"nodeVisibility","Yes","No (partial)","Cyweb maps visibility to display, which v4 rejects. Reconcile mapped visibility and hide/show filters through structural show()/hide(). visibility:hidden only suppresses paint and is not equivalent.","Style property","display","No: shared stylesheet bridge","src/models/VisualStyleModel/impl/cyJsVisualPropertyConverter.ts; src/features/NetworkPanel/CyjsRenderer/cyjsRenderUtil.ts","src/style.mts; MIGRATING.md","Source review + headless probe (see README)"
"nodeZOrder","Yes","No","Arbitrary per-element z-index is removed. v4 draws parents, edges, leaf nodes, then labels, with slot order within each stream. No equivalent for cyweb node/edge z-order controls.","Style property","z-index","No: shared stylesheet bridge","src/models/VisualStyleModel/impl/cyJsVisualPropertyConverter.ts; src/features/NetworkPanel/CyjsRenderer/cyjsRenderUtil.ts","src/style.mts; MIGRATING.md","Source review + headless probe (see README)"
"nodeSelectedPaint","Yes","Yes","Selection colour exists through case conditions with selected:true. Replace node:selected/edge:selected blocks and preserve selection priority over the normal data colour.","Style property","background-color","No: shared stylesheet bridge","src/models/VisualStyleModel/impl/cyJsVisualPropertyConverter.ts; src/features/NetworkPanel/CyjsRenderer/cyjsRenderUtil.ts","src/style.mts; MIGRATING.md","Source review"
"nodeMaxLabelWidth","Yes","Yes","nodeMaxLabelWidth maps to text-max-width. Property capability exists in v4; use the new stylesheet/data-mapper bridge.","Style property","text-max-width","No: shared stylesheet bridge","src/models/VisualStyleModel/impl/cyJsVisualPropertyConverter.ts; src/features/NetworkPanel/CyjsRenderer/cyjsRenderUtil.ts","src/style.mts; MIGRATING.md","Source review"
"edgeLineType","Yes","Yes","edgeLineType maps to line-style. Property capability exists in v4; use the new stylesheet/data-mapper bridge.","Style property","line-style","No: shared stylesheet bridge","src/models/VisualStyleModel/impl/cyJsVisualPropertyConverter.ts; src/features/NetworkPanel/CyjsRenderer/cyjsRenderUtil.ts","src/style.mts; MIGRATING.md","Source review"
"edgeLineColor","Yes","Yes","edgeLineColor maps to line-color. Property capability exists in v4; use the new stylesheet/data-mapper bridge.","Style property","line-color","No: shared stylesheet bridge","src/models/VisualStyleModel/impl/cyJsVisualPropertyConverter.ts; src/features/NetworkPanel/CyjsRenderer/cyjsRenderUtil.ts","src/style.mts; MIGRATING.md","Source review"
"edgeWidth","Yes","Yes","edgeWidth maps to width. Property capability exists in v4; use the new stylesheet/data-mapper bridge.","Style property","width","No: shared stylesheet bridge","src/models/VisualStyleModel/impl/cyJsVisualPropertyConverter.ts; src/features/NetworkPanel/CyjsRenderer/cyjsRenderUtil.ts","src/style.mts; MIGRATING.md","Source review"
"edgeTargetArrowShape","Yes","Yes","Source/target shapes and filled/hollow variants are supported. Keep cyweb Arrow -> triangle and open-shape -> canonical shape plus arrow-fill translation.","Style property","target-arrow-shape","No: shared stylesheet bridge","src/models/VisualStyleModel/impl/cyJsVisualPropertyConverter.ts; src/features/NetworkPanel/CyjsRenderer/cyjsRenderUtil.ts","src/style.mts; MIGRATING.md","Source review"
"edgeSourceArrowShape","Yes","Yes","Source/target shapes and filled/hollow variants are supported. Keep cyweb Arrow -> triangle and open-shape -> canonical shape plus arrow-fill translation.","Style property","source-arrow-shape","No: shared stylesheet bridge","src/models/VisualStyleModel/impl/cyJsVisualPropertyConverter.ts; src/features/NetworkPanel/CyjsRenderer/cyjsRenderUtil.ts","src/style.mts; MIGRATING.md","Source review"
"edgeTargetArrowColor","Yes","Yes","edgeTargetArrowColor maps to target-arrow-color. Property capability exists in v4; use the new stylesheet/data-mapper bridge.","Style property","target-arrow-color","No: shared stylesheet bridge","src/models/VisualStyleModel/impl/cyJsVisualPropertyConverter.ts; src/features/NetworkPanel/CyjsRenderer/cyjsRenderUtil.ts","src/style.mts; MIGRATING.md","Source review"
"edgeSourceArrowColor","Yes","Yes","edgeSourceArrowColor maps to source-arrow-color. Property capability exists in v4; use the new stylesheet/data-mapper bridge.","Style property","source-arrow-color","No: shared stylesheet bridge","src/models/VisualStyleModel/impl/cyJsVisualPropertyConverter.ts; src/features/NetworkPanel/CyjsRenderer/cyjsRenderUtil.ts","src/style.mts; MIGRATING.md","Source review"
"edgeLabel","Yes","Yes","edgeLabel maps to label. Property capability exists in v4; use the new stylesheet/data-mapper bridge.","Style property","label","No: shared stylesheet bridge","src/models/VisualStyleModel/impl/cyJsVisualPropertyConverter.ts; src/features/NetworkPanel/CyjsRenderer/cyjsRenderUtil.ts","src/style.mts; MIGRATING.md","Source review"
"edgeLabelColor","Yes","Yes","edgeLabelColor maps to color. Property capability exists in v4; use the new stylesheet/data-mapper bridge.","Style property","color","No: shared stylesheet bridge","src/models/VisualStyleModel/impl/cyJsVisualPropertyConverter.ts; src/features/NetworkPanel/CyjsRenderer/cyjsRenderUtil.ts","src/style.mts; MIGRATING.md","Source review"
"edgeLabelFontSize","Yes","Yes","edgeLabelFontSize maps to font-size. Property capability exists in v4; use the new stylesheet/data-mapper bridge.","Style property","font-size","No: shared stylesheet bridge","src/models/VisualStyleModel/impl/cyJsVisualPropertyConverter.ts; src/features/NetworkPanel/CyjsRenderer/cyjsRenderUtil.ts","src/style.mts; MIGRATING.md","Source review"
"edgeLabelFont","Yes","No (partial)","Cyweb maps font-family per node/edge. v4 permits one global constant font face per instance; mapped fonts are rejected. Preserve mixed per-element fonts only with a separate rendering solution.","Style property","font-family","No: shared stylesheet bridge","src/models/VisualStyleModel/impl/cyJsVisualPropertyConverter.ts; src/features/NetworkPanel/CyjsRenderer/cyjsRenderUtil.ts","src/style.mts; MIGRATING.md","Source review + headless probe (see README)"
"edgeLabelRotation","Yes","Yes","Cyweb converts degrees to radians and supports autorotation. v4 supports numeric text-rotation and autorotate. Preserve that unit conversion.","Style property","text-rotation","No: shared stylesheet bridge","src/models/VisualStyleModel/impl/cyJsVisualPropertyConverter.ts; src/features/NetworkPanel/CyjsRenderer/cyjsRenderUtil.ts","src/style.mts; MIGRATING.md","Source review"
"edgeLabelOpacity","Yes","Yes","edgeLabelOpacity maps to text-opacity. v4 folds channel opacity into colour alpha at write time; visual channel is supported, but readback and update order need checking.","Style property","text-opacity","No: shared stylesheet bridge","src/models/VisualStyleModel/impl/cyJsVisualPropertyConverter.ts; src/features/NetworkPanel/CyjsRenderer/cyjsRenderUtil.ts","src/style.mts; MIGRATING.md","Source review"
"edgeOpacity","Yes","Yes","edgeOpacity maps to line-opacity. v4 folds channel opacity into colour alpha at write time; visual channel is supported, but readback and update order need checking.","Style property","line-opacity","No: shared stylesheet bridge","src/models/VisualStyleModel/impl/cyJsVisualPropertyConverter.ts; src/features/NetworkPanel/CyjsRenderer/cyjsRenderUtil.ts","src/style.mts; MIGRATING.md","Source review"
"edgeVisibility","Yes","No (partial)","Cyweb maps visibility to display, which v4 rejects. Reconcile mapped visibility and hide/show filters through structural show()/hide(). visibility:hidden only suppresses paint and is not equivalent.","Style property","display","No: shared stylesheet bridge","src/models/VisualStyleModel/impl/cyJsVisualPropertyConverter.ts; src/features/NetworkPanel/CyjsRenderer/cyjsRenderUtil.ts","src/style.mts; MIGRATING.md","Source review + headless probe (see README)"
"edgeSelectedPaint","Yes","Yes","Selection colour exists through case conditions with selected:true. Replace node:selected/edge:selected blocks and preserve selection priority over the normal data colour.","Style property","line-color","No: shared stylesheet bridge","src/models/VisualStyleModel/impl/cyJsVisualPropertyConverter.ts; src/features/NetworkPanel/CyjsRenderer/cyjsRenderUtil.ts","src/style.mts; MIGRATING.md","Source review"
"edgeMaxLabelWidth","Yes","Yes","edgeMaxLabelWidth maps to text-max-width. Property capability exists in v4; use the new stylesheet/data-mapper bridge.","Style property","text-max-width","No: shared stylesheet bridge","src/models/VisualStyleModel/impl/cyJsVisualPropertyConverter.ts; src/features/NetworkPanel/CyjsRenderer/cyjsRenderUtil.ts","src/style.mts; MIGRATING.md","Source review"
"edgeZOrder","Yes","No","Arbitrary per-element z-index is removed. v4 draws parents, edges, leaf nodes, then labels, with slot order within each stream. No equivalent for cyweb node/edge z-order controls.","Style property","z-index","No: shared stylesheet bridge","src/models/VisualStyleModel/impl/cyJsVisualPropertyConverter.ts; src/features/NetworkPanel/CyjsRenderer/cyjsRenderUtil.ts","src/style.mts; MIGRATING.md","Source review + headless probe (see README)"
"Bezier edges and self-loops","Yes","Yes","Main stylesheet explicitly sets bezier, so retain it: v4 defaults to straight. Parallel-edge bundles and self-loop geometry exist.","Style","curve-style: bezier","No: shared stylesheet bridge","src/features/NetworkPanel/CyjsRenderer/cyjsRenderUtil.ts","src/style.mts; src/README.md","Source review"
"Wrapped labels","Yes","Yes","Base node and edge sheets set text-wrap:wrap; max widths are separate visual properties. v4 supports wrapping.","Style","text-wrap: wrap","No: shared stylesheet bridge","src/features/NetworkPanel/CyjsRenderer/cyjsRenderUtil.ts","src/label-wrap.mts; src/style.mts","Source review"
"Hollow arrow fill","Yes","Yes","Open arrow choices generate source-arrow-fill/target-arrow-fill data and canonical shapes. v4 supports filled/hollow at both endpoints.","Style","source-arrow-fill; target-arrow-fill","No: shared stylesheet bridge","src/features/NetworkPanel/CyjsRenderer/cyjsRenderUtil.ts","src/style.mts","Source review"
"Node size / arrow colour locks","Yes (cyweb-owned)","Yes","Cyweb copies height to width and line colour to arrow colours in the view-to-data bridge. No special cyjs lock feature is required.","Style","nodeSizeLocked; arrowColorMatchesEdge","No: shared stylesheet bridge","src/features/NetworkPanel/CyjsRenderer/cyjsRenderUtil.ts","src/style.mts","Source review"
"Pie and ring charts","Yes","No (partial)","Cyweb emits pie-size, pie-start-angle, pie-hole and 16 pairs of pie-N-background-color/size. v4 rejects old names. Use chart:pie, chart-values, chart-colors, chart-size, chart-hole and chart-start-angle; verify size/angle units and percentage normalization.","Custom graphics","pie-*","No","src/features/NetworkPanel/CyjsRenderer/cyjsRenderUtil.ts; src/models/VisualStyleModel/impl/customGraphicsImpl.ts","src/style.mts; src/render/chart-pipeline.mts","Source review + headless probe (see README)"
"Node image custom graphics","Yes","Yes","URL/data-URI background-image, background-fit and crossorigin exist. Vizmapper drives them through data. Port mappings and verify actual image loading in a browser.","Custom graphics","background-image; background-fit; background-image-crossorigin","No: shared stylesheet bridge","src/features/NetworkPanel/CyjsRenderer/cyjsRenderUtil.ts","src/style.mts; src/image-registry.mts","Source review"
"App-supplied node images","Yes","Yes","Element style bypass supports background-image/fit/opacity/crossorigin/containment. This capability exists, including SVG URLs, but stylesheet swap semantics break the current unchanged-image diff cache.","Custom graphics","node.style({...}); node.removeStyle(...)","No: bypass retention","src/features/NetworkPanel/CyjsRenderer/nodeGraphicsApply.ts","src/collection.mts; src/image-registry.mts","Source review"
"Image bypass retention","Yes","No (partial)","cyweb relies on v3 retaining node.style bypasses across cy.style swaps. v4 replaces bypasses with the sheet. Reapply even unchanged graphics, or merge bypasses into the new sheet; current reference/size diff can skip reapplication.","Custom graphics","style swap + WeakMap image cache","No","src/features/NetworkPanel/CyjsRenderer/nodeGraphicsApply.ts; src/features/NetworkPanel/CyjsRenderer/CyjsRenderer.tsx","src/style.mts; MIGRATING.md","Source review + headless probe (see README)"
"Nine custom-graphics slots","Partially (cyweb)","No (partial)","Model exposes nine image/chart slots with positions/sizes, but renderer gates on the first valid custom graphic and emits a single chart/image path. Do not interpret 27 placeholder pie-size mappings as 27 real rendered properties or claim nine simultaneous v3 layers. v4 native charts do not supply nine independent chart layers.","Custom graphics","nodeImageChart1..9; positions; sizes","No","src/models/VisualStyleModel/impl/cyJsVisualPropertyConverter.ts; src/features/NetworkPanel/CyjsRenderer/cyjsRenderUtil.ts; src/models/VisualStyleModel/impl/customGraphicsImpl.ts","src/style.mts","Source review"
"Network background colour","Yes","No (partial)","Rendered by cyweb on the bottom cytoscape-canvas layer, not a native network background-color stylesheet property. Replace the extension with a managed canvas/DOM background and account for exports.","Annotations","networkBackgroundColor; cyCanvas","No","src/features/NetworkPanel/CyjsRenderer/annotations/cyjsAnnotationRenderer.js","MIGRATING.md; src/core.mts","Source review"
"CX annotations","Yes","No","Three cyCanvas layers (background/bottom/top) paint shapes, text and other CX annotations with 2D canvas transforms. No v4 core/renderer extension surface. Port layer ownership and redraw/resize synchronization outside the registry.","Annotations","cytoscape-canvas; cy.cyCanvas","No","src/features/NetworkPanel/CyjsRenderer/annotations/cyjsAnnotationRenderer.js","MIGRATING.md; src/render/renderer.mts","Source review"
"Extension registration","Yes","No","Canvas registers eagerly; SVG/PDF register lazily; biological-flow registers in layout module. v4 has no cytoscape.use. A dependency version swap alone cannot boot these modules.","Integration","cytoscape.use","No","src/models/LayoutModel/impl/Cyjs/cyjsLayout.ts; src/features/NetworkPanel/CyjsRenderer/registerCyExtensions.ts; src/features/ToolBar/DataMenu/ExportNetworkToImage/registerCyImageExportExtensions.ts","src/index.mts; MIGRATING.md","Source review + headless probe (see README)"
"Rendered core / readiness","Yes","No (partial)","Cyweb immediately stores a rendered core and creates annotation layers. v4 requires WebGPU and exposes ready as a Promise; await readiness and handle failure. There is no Canvas2D fallback.","Integration","cytoscape({container})","No","src/features/NetworkPanel/CyjsRenderer/CyjsRenderer.tsx","src/index.mts; src/core.mts; MIGRATING.md","Source review"
"Widespread renderer support","Yes","No","Cyweb currently uses the v3 default Canvas2D renderer, giving it a rendering path without WebGPU. The current v4 branch supports WebGPU only, with no WebGL or Canvas2D fallback. User requirement: v4 needs WebGL support for widespread renderer availability. This is a renderer implementation gap, not just a cyweb adapter change.","Renderer support","v3 default Canvas2D renderer; required v4 WebGL fallback","No","src/features/NetworkPanel/CyjsRenderer/CyjsRenderer.tsx","src/index.mts; MIGRATING.md","Source review"
"Hide edges on viewport","Yes","No","Cyweb passes hideEdgesOnViewport:true. v4 ignores this removed Canvas-era degradation option; WebGPU culling/LOD is the replacement, not identical behaviour.","Integration","hideEdgesOnViewport","No","src/features/NetworkPanel/CyjsRenderer/CyjsRenderer.tsx","MIGRATING.md","Source review"
"Headless topology model","Yes","Yes","Cyweb stores network topology in a headless core. v4 supports CPU-only headless use; styleEnabled:false is not needed to make it headless.","Graph model","headless; styleEnabled:false","Yes","src/models/NetworkModel/impl/networkImpl.ts","src/core.mts","Source review"
"Element creation and IDs","Yes","Yes","Explicit string IDs, nodes/edges definition arrays, source/target endpoints and initial positions are supported. Layout cores also omit edge IDs; v4 generates IDs for missing identifiers.","Graph model","cy.add; elements; data.id/source/target","Yes","src/models/NetworkModel/impl/networkImpl.ts; src/features/NetworkPanel/CyjsRenderer/cyjsFactoryUtil.ts; src/models/LayoutModel/impl/Cyjs/cyjsLayout.ts","src/element-defs.mts; src/core.mts","Source review"
"String selectors","Yes","No","Used for deletion (#id lists and *), selected nodes and delegated node/edge events. v4 rejects selector strings. Use $id, query objects, predicates and collections.","Graph model","remove(""*""); nodes("":selected""); #id","No","src/models/NetworkModel/impl/networkImpl.ts; src/features/NetworkPanel/CyjsRenderer/CyjsRenderer.tsx","src/matcher.mts; src/collection.mts","Source review + headless probe (see README)"
"ID lookups and collections","Yes","Yes","getElementById/$id, empty, length/size, map/forEach and predicate filter support remain. Review mixed element iteration because v4 groups nodes before edges.","Graph model","$id; getElementById; empty; size; map; forEach; filter","Yes","src/models/NetworkModel/impl/networkImpl.ts; src/features/NetworkPanel/CyjsRenderer/CyjsRenderer.tsx; src/app-api/core/elementApi.ts","src/core.mts; src/collection.mts","Source review"
"Endpoint rewiring","Yes","Yes","App API moves edges atomically with edge.move({source,target}), preserving edge ID. v4 supports endpoint moves.","Graph model","edge.move; source; target","Yes","src/models/NetworkModel/impl/networkImpl.ts","src/collection.mts","Source review"
"Removed-element readback","Yes","No (partial)","Deletion helpers inspect deletedElements.edges() and source()/target() after removal. v4 only guarantees cached id/group on terminal handles. Probe: source initially reads the old endpoint, then reads the replacement edge endpoint after slot reuse. Snapshot edge definitions before removal.","Graph model","remove return; removed edge.source/target","No","src/models/StoreModel/impl/networkStoreImpl.ts; src/models/NetworkModel/impl/networkImpl.ts","src/collection.mts; MIGRATING.md","Source review + headless probe (see README)"
"Cyjs JSON import helper","Present (caller unverified)","No","createFromCyJson calls store.json(cyJson), which v4 rejects. Replace with add(definitions) or constructor elements if this helper is used. Separate from CX2 conversion.","Graph model","cy.json(object)","No","src/models/NetworkModel/impl/networkImpl.ts","src/core.mts","Source review + headless probe (see README)"
"Cyjs JSON export helper","Yes","Yes","createCyJSON exports store.json(). Export exists in v4, but style/bypass format changes; do not assume a v3 JSON document schema for rendered cores.","Graph model","cy.json()","Review exported schema","src/models/NetworkModel/impl/networkImpl.ts","src/core.mts","Source review"
"Incident edges","Yes","Yes","Used by the public element API; v4 retains the traversal. A two-node headless probe returned the expected IDs. Roots/outgoers also drive hierarchy construction.","Graph traversal","connectedEdges","Yes","src/app-api/core/elementApi.ts","src/collection.mts","Source review + headless probe"
"Neighbour nodes","Yes","Yes","Used by the public element API; v4 retains the traversal. A two-node headless probe returned the expected IDs. Roots/outgoers also drive hierarchy construction.","Graph traversal","neighborhood","Yes","src/app-api/core/elementApi.ts","src/collection.mts","Source review + headless probe"
"Outgoing neighbours","Yes","Yes","Used by the public element API; v4 retains the traversal. A two-node headless probe returned the expected IDs. Roots/outgoers also drive hierarchy construction.","Graph traversal","outgoers","Yes","src/app-api/core/elementApi.ts","src/collection.mts","Source review + headless probe"
"Incoming neighbours","Yes","Yes","Used by the public element API; v4 retains the traversal. A two-node headless probe returned the expected IDs. Roots/outgoers also drive hierarchy construction.","Graph traversal","incomers","Yes","src/app-api/core/elementApi.ts","src/collection.mts","Source review + headless probe"
"Successors","Yes","Yes","Used by the public element API; v4 retains the traversal. A two-node headless probe returned the expected IDs. Roots/outgoers also drive hierarchy construction.","Graph traversal","successors","Yes","src/app-api/core/elementApi.ts","src/collection.mts","Source review + headless probe"
"Predecessors","Yes","Yes","Used by the public element API; v4 retains the traversal. A two-node headless probe returned the expected IDs. Roots/outgoers also drive hierarchy construction.","Graph traversal","predecessors","Yes","src/app-api/core/elementApi.ts","src/collection.mts","Source review + headless probe"
"Roots","Yes","Yes","Used by the public element API; v4 retains the traversal. A two-node headless probe returned the expected IDs. Roots/outgoers also drive hierarchy construction.","Graph traversal","roots","Yes","src/app-api/core/elementApi.ts","src/collection.mts","Source review + headless probe"
"Leaves","Yes","Yes","Used by the public element API; v4 retains the traversal. A two-node headless probe returned the expected IDs. Roots/outgoers also drive hierarchy construction.","Graph traversal","leaves","Yes","src/app-api/core/elementApi.ts","src/collection.mts","Source review + headless probe"
"Whole-graph algorithms","No direct usage found","N/A","No direct production usage found of cyjs PageRank, centrality, shortest-path or clustering APIs in cyweb. External apps may have their own usage, outside this repository inventory.","Graph traversal","pageRank; centralities; paths; clustering","N/A","src/app-api/core/elementApi.ts; src/models/NetworkModel/impl/networkImpl.ts","MIGRATING.md","Source review"
"Batch updates","Yes","Yes","startBatch/endBatch reduce renderer updates around topology, view-model and graphics writes. Supported in v4.","Core API","startBatch; endBatch","Yes","src/features/NetworkPanel/CyjsRenderer/CyjsRenderer.tsx; src/features/NetworkPanel/CyjsRenderer/nodeGraphicsApply.ts","src/core.mts","Source review"
"Selection state","Yes","Yes","select/unselect/selected and autounselectify exist. Preserve cyweb store synchronization; replace string selectors and selected-style blocks separately.","Interaction","select; unselect; selected; autounselectify","Yes","src/features/NetworkPanel/CyjsRenderer/CyjsRenderer.tsx","src/collection.mts; src/core.mts","Source review"
"Box selection","Yes","Yes","boxSelectionEnabled and boxend support exist. Cyweb collects selected nodes/edges after boxend. Recheck gesture selection geometry in the browser.","Interaction","boxSelectionEnabled; boxend","Yes","src/features/NetworkPanel/CyjsRenderer/CyjsRenderer.tsx","src/interact/pointer.mts; src/core.mts","Source review"
"Tap and context tap","Yes","Yes","tap and cxttap remain in the emitted event vocabulary. Target/model/rendered positions support node creation, edge creation and context menus. Predicate delegation must replace selector strings.","Interaction","tap; cxttap; event.target/position/renderedPosition","No: delegated selectors","src/features/NetworkPanel/CyjsRenderer/CyjsRenderer.tsx","src/interact/pointer.mts; src/event.mts","Source review"
"Drag lifecycle","Yes","Yes","grab and dragfree remain emitted. Position reads let cyweb record drag undo and update its view model.","Interaction","grab; dragfree; position","No: delegated selectors","src/features/NetworkPanel/CyjsRenderer/CyjsRenderer.tsx","src/interact/pointer.mts","Source review"
"Mouse hover events","Yes","Yes","mouseover/mouseout specifically survive v4, unlike raw mousedown/click aliases. Replace node, edge delegation strings and class mutations.","Interaction","mouseover; mouseout","No: delegation and classes","src/features/NetworkPanel/CyjsRenderer/CyjsRenderer.tsx","src/interact/pointer.mts","Source review"
"Delegated event selectors","Yes","No","on(tap,node,handler), grab/dragfree node and mouseover/out node, edge use strings. v4 requires predicates; retain predicate identity for off().","Interaction","cy.on(events, selector, handler)","No","src/features/NetworkPanel/CyjsRenderer/CyjsRenderer.tsx","src/emitter.mts; MIGRATING.md","Source review"
"Listener cleanup","Yes","Yes","on/off/removeAllListeners exist. Annotation reattachment must change because cyCanvas.resize comes from an incompatible extension and v4 does not implement namespaces.","Interaction","on; off; removeAllListeners","Yes","src/features/NetworkPanel/CyjsRenderer/CyjsRenderer.tsx; src/features/NetworkPanel/CyjsRenderer/annotations/cyjsAnnotationRenderer.js","src/core.mts; src/emitter.mts","Source review"
"Event cancellation","Yes","No (partial)","Edge creation calls preventDefault/stopPropagation. v4 stopPropagation works, but preventDefault only reaches browser defaults; use explicit selection/grab toggles for graph interaction defaults. Verify the create-edge gesture.","Interaction","preventDefault; stopPropagation","Review gesture behaviour","src/features/NetworkPanel/CyjsRenderer/CyjsRenderer.tsx","src/event.mts; MIGRATING.md","Source review"
"Custom pointer cursor","Yes","No (partial)","Cyweb writes container.style.cursor in edge creation mode. v4 supplies canvas cursors that may override it. Set pointerCursors:false where cyweb owns the cursor or integrate with v4 state.","Interaction","container.style.cursor","Review cursor ownership","src/features/NetworkPanel/CyjsRenderer/CyjsRenderer.tsx","src/interact/cursor.mts; MIGRATING.md","Source review"
"Hide/show filtering","Yes","Yes","Collection show()/hide() exist as v4 structural visibility operations. Coordinate these with visual-property visibility, which can no longer use display mappings.","Interaction","show; hide","Review mapped visibility interaction","src/features/NetworkPanel/CyjsRenderer/CyjsRenderer.tsx","src/collection.mts","Source review"
"Pan / zoom / fit","Yes","Yes","zoom, pan, fit, extent, width/height and container access exist. viewport events are emitted by v4 source even though the migration guide vocabulary list omits them.","Viewport","zoom; pan; fit; extent; viewport","Yes","src/features/NetworkPanel/CyjsRenderer/CyjsRenderer.tsx; src/features/NetworkPanel/CyjsRenderer/viewportRecovery.ts","src/core.mts; src/viewport.mts","Source review"
"Resize and render events","Yes","Yes","Annotation layers redraw on render and resize. Native core events exist, but cyCanvas.resize is an extension signal and will need replacement.","Viewport","render; resize","No: canvas extension","src/features/NetworkPanel/CyjsRenderer/annotations/cyjsAnnotationRenderer.js","src/core.mts","Source review"
"Positions and bounding boxes","Yes","No (partial)","Position and boundingBox APIs exist, including label-aware fitting. v4 stores Float32 coordinates rather than v3 Float64; extreme coordinate precision is not identical. Recheck viewport recovery and layout extents.","Viewport","position; boundingBox","Review numeric precision","src/features/NetworkPanel/CyjsRenderer/CyjsRenderer.tsx; src/features/NetworkPanel/CyjsRenderer/viewportRecovery.ts","src/collection.mts; src/viewport.mts; MIGRATING.md","Source review"
"Destroy and multiple instances","Yes","Yes","Main renderer, style-preview core, topology cores and temporary layout cores are supported lifecycles. v4 render instances each require GPU readiness.","Core API","destroy; multiple cores","Yes","src/features/NetworkPanel/CyjsRenderer/CyjsRenderer.tsx; src/models/NetworkModel/impl/networkImpl.ts; src/models/LayoutModel/impl/Cyjs/cyjsLayout.ts","src/core.mts","Source review"
"Synchronous PNG export","Yes","No (partial)","cyweb exportPng returns a string synchronously. v4 png returns Promise<string|Blob>. Make renderer registry, export consumers and preview calls async; preserve full/maxWidth/maxHeight/bg options.","Export","cy.png({full,maxWidth,maxHeight,bg})","No","src/features/NetworkPanel/CyjsRenderer/CyjsRenderer.tsx","src/core.mts","Source review"
"SVG export","Yes","No","cytoscape-svg registers a v3 core extension and adds cy.svg. No native svg method or compatible registry found in v4. Requires an export implementation/port.","Export","cy.svg; cytoscape-svg","No","src/features/NetworkPanel/CyjsRenderer/CyjsRenderer.tsx; src/features/ToolBar/DataMenu/ExportNetworkToImage/registerCyImageExportExtensions.ts","src/core.mts; MIGRATING.md","Source review"
"PDF export","Yes","No","cytoscape-pdf-export registers a v3 core extension and adds cy.pdf with paper size/orientation/margins. No native pdf method or compatible registry found in v4. Requires an export implementation/port.","Export","cy.pdf; cytoscape-pdf-export","No","src/features/NetworkPanel/CyjsRenderer/CyjsRenderer.tsx; src/features/ToolBar/DataMenu/ExportNetworkToImage/registerCyImageExportExtensions.ts","src/core.mts; MIGRATING.md","Source review"
"Style preview thumbnails","Yes","No (partial)","Offscreen rendered core reuses the same mapper and calls png for style thumbnails. Requires v4 sheet conversion, awaiting GPU readiness and PNG Promise, and checking the serial render queue.","Export","previewCy; png","No","src/features/Vizmapper/StyleManager/preview/renderStylePreview.ts","src/core.mts","Source review"
"Cytoscape TypeScript types","Yes","No","Cyweb imports v3 Core, NodeSingular, EdgeSingular, CollectionReturnValue, EventObject and related declarations from @types/cytoscape. v4 ships its own differently shaped types. Recompile/adapt all integration types; no manifest changes made in this inventory.","Integration","@types/cytoscape ^3.19.9; cytoscape ^3.34.0","No","package.json; src/features/NetworkPanel/CyjsRenderer/CyjsRenderer.tsx; src/models/LayoutModel/impl/Cyjs/cyjsLayout.ts","package.json; src/public-types.mts","Source review"
